company_name,company_industry,platform,ats_url,career_url,url_verified
"8x8, Inc.",Communications,greenhouse,,https://careers.8x8.com/,True
Abbott,Life Sciences,greenhouse,,https://www.abbott.com/careers.html,True
Accenture (Proquire),Professional and Business Services,greenhouse,,https://www.accenture.com/us-en/careers,True
Adobe Systems Incorporated,Technology,greenhouse,,https://www.adobe.com/careers.html,True
AirAsia Berhad,Other,greenhouse,,,False
Alight,Professional and Business Services,greenhouse,,https://alight.com/careers/,True
ASPCA (American Society for the Prevention of Cruelty to Animals),Nonprofit,greenhouse,,https://www.aspca.org/careers,True
"AT&T, Services Inc.",Communications,greenhouse,,https://www.att.jobs/,True
avago-broadcom,Manufacturing,greenhouse,,,False
Bank of America,Financial Services,greenhouse,,,False
BDO Canada LLP,Professional and Business Services,greenhouse,,,False
"Becton, Dickinson and Company",Life Sciences,greenhouse,,https://jobs.bd.com/,True
Bon Secours Mercy Health,Healthcare,greenhouse,,https://careers.bonsecours.com/,True
Boston Scientific Corporation,Life Sciences,greenhouse,,https://www.bostonscientific.com/en-US/careers.html,True
Bruce Power L.P.,Energy and Resources,greenhouse,,https://www.brucepower.com/careers/,True
California College of the Arts,Education,greenhouse,,https://cca.edu/about/jobs/,True
Cardinal Health,Life Sciences,greenhouse,,,False
CarMax,Retail,greenhouse,,https://careers.carmax.com/,True
"ChenMed, LLC",Healthcare,greenhouse,,,False
Chevron,Energy and Resources,greenhouse,,https://careers.chevron.com/,True
"Chick-fil-A, Inc.",Hospitality,greenhouse,,https://www.chick-fil-a.com/careers,True
Chickasaw Nation Industries,Public Sector,greenhouse,,,False
ChristianaCare,Healthcare,greenhouse,,https://careers.christianacare.org/,True
City of Rochester,Public Sector,greenhouse,,,False
Comcast Cable Communications Management LLC,Media and Entertainment,greenhouse,,https://jobs.comcast.com/,True
"Computer Aid, Inc.",Professional and Business Services,greenhouse,,https://www.compaid.com/careers/,True
County of Galveston,Public Sector,greenhouse,,,False
Crain (Crain Communications),Media and Entertainment,greenhouse,,,False
Cystic Fibrosis Foundation,Nonprofit,greenhouse,,,False
Dallas Area Rapid Transit (DART),Public Sector,greenhouse,,,False
Dayton Children's Hospital,Healthcare,greenhouse,,https://www.childrensdayton.org/careers,True
Deloitte,Professional and Business Services,greenhouse,,https://www2.deloitte.com/us/en/careers/careers.html,True
Enmax Corporation,Energy and Resources,greenhouse,,,False
Ferring International Center S.A.,Life Sciences,greenhouse,,,False
Flextronics,Manufacturing,greenhouse,,,False
Goodwill of Central and Northern Arizona,Nonprofit,greenhouse,,,False
Harrods,Retail,greenhouse,,,False
Hewlett Packard Enterprise,Technology,greenhouse,,https://careers.hpe.com/us/en,True
Hilti Aktiengesellschaft,Manufacturing,greenhouse,,https://careers.hilti.group/en/,True
"Home Depot Store Support, LLC",Retail,greenhouse,,https://careers.homedepot.com/,True
Hong Kong Broadband Network,Communications,greenhouse,,,False
Howard University,Education,greenhouse,https://job-boards.greenhouse.io/howarduniversity,https://workforcenow.adp.com/mascsr/default/mdf/recruitment/recruitment.html?cid=c1330f3a-580f-40c3-b76f-5e9b2c7688f3&ccId=19000101_000001&type=MP&lang=en_US,True
Iberdrola SA,Energy and Resources,greenhouse,,,False
J.B. Hunt,Other,greenhouse,,https://careers.jbhunt.com/,True
Ken Garff Automotive Group,Retail,greenhouse,,,False
KeyBank,Financial Services,greenhouse,,,False
LinkedIn,Technology,greenhouse,,https://www.linkedin.com/careers/home,True
Los Angeles Department of Water and Power (LADWP),Public Sector,greenhouse,,,False
Metropolitan Museum of Art,Nonprofit,greenhouse,,,False
MGM Resorts International,Hospitality,greenhouse,,,False
Morgan Stanley,Financial Services,greenhouse,,https://www.morganstanley.com/careers,True
"NASCAR/National Association for Stock Car Auto Racing, Inc.",Hospitality,greenhouse,,,False
Orange Belgium SA.,Communications,greenhouse,,,False
P & G (The Procter & Gamble U.S. Business Services Company),Other,greenhouse,,https://www.pgcareers.com/,True
"Panera, LLC",Hospitality,greenhouse,,,False
Pepsi Bottling Ventures LLC,Other,greenhouse,,,False
PGA European Tour,Hospitality,greenhouse,,,False
Pitney Bowes Inc.,Manufacturing,greenhouse,,https://careers.pitneybowes.com/,True
PricewaterhouseCoopers Global Licensing Services Corporation,Professional and Business Services,greenhouse,,https://www.pwc.com/us/en/careers.html,True
Puma,Retail,greenhouse,,https://about.puma.com/en/careers,True
Quadient,Manufacturing,greenhouse,,https://careers.quadient.com/,True
Salesforce.com,Technology,greenhouse,,,False
Sanofi,Manufacturing,greenhouse,,https://www.sanofi.com/en/careers,True
SD Guthrie Berhad,Retail,greenhouse,,,False
"Shake Shack Enterprises, LLC",Hospitality,greenhouse,,,False
"Slack Technologies, Inc",Technology,greenhouse,,https://slack.com/careers,True
"Snowflake Computing, Inc.",Technology,greenhouse,,,False
State of Oklahoma by and through the Office of Management and Enterprise Services,Public Sector,greenhouse,,https://www.ok.gov/omes/services/job_opportunities.html,True
State of Oregon,Public Sector,greenhouse,,https://www.oregon.gov/jobs/Pages/index.aspx,True
Suncor Energy Services,Energy and Resources,greenhouse,,,False
TalkTalk,Communications,greenhouse,,,False
Target Corporation,Retail,greenhouse,,https://jobs.target.com/,True
Teach For America,Nonprofit,greenhouse,,https://www.teachforamerica.org/about-us/careers,True
Teladoc Health Inc.,Healthcare,greenhouse,,https://www.teladochealth.com/careers/,True
TELUS Communications,Communications,greenhouse,,https://www.telus.com/en/careers,True
The British United Provident Association Limited,Healthcare,greenhouse,,,False
The Ford Foundation,Nonprofit,greenhouse,,https://www.fordfoundation.org/about/careers/,True
The National Farmers Union Mutual,Financial Services,greenhouse,,,False
The Rector and Visitors of the University of Virginia,Education,greenhouse,,,False
The Texas A&M University System,Education,greenhouse,,,False
The Washington Post,Media and Entertainment,greenhouse,,,False
Thermo Fisher Scientific,Life Sciences,greenhouse,,https://jobs.thermofisher.com/,True
thyssenkrupp-steel-europe-ag,Manufacturing,greenhouse,,,False
Toyota Motor Sales,Other,greenhouse,,,False
Trinity Health Corporation,Healthcare,greenhouse,,,False
Unilever U.K. Central Resources Limited,Other,greenhouse,,,False
University of Rochester,Education,greenhouse,,https://www.rochester.edu/working/,True
Veolia,Energy and Resources,greenhouse,,https://www.veolia.com/anz/careers,True
"Warner Media, LLC",Media and Entertainment,greenhouse,,,False
Washington State University,Education,greenhouse,,,False
"Wegmans Food Markets, Inc.",Retail,greenhouse,,https://jobs.wegmans.com/,True
WGBH,Media and Entertainment,greenhouse,,,False
1st United Credit Union,Financial Services,greenhouse,,,False
"2u, Inc.",Technology,greenhouse,https://job-boards.greenhouse.io/2u,https://2u.com/careers/,True
360Learning Engagement Platform,Technology,greenhouse,,,False
3M,Manufacturing,greenhouse,,,False
42dot Inc.,Communications,greenhouse,,,False
7-Eleven Australia,Retail,greenhouse,,,False
84.51 LLC,Professional and Business Services,greenhouse,https://job-boards.greenhouse.io/8451,https://www.8451.com/careers/,True
A+E Networks,Media and Entertainment,greenhouse,,https://www.aenetworks.com/careers,True
A1,Communications,greenhouse,,,False
A10 Networks,Technology,greenhouse,,,False
AAA Mid-Atlantic,Financial Services,greenhouse,,,False
AAA NCNU,Financial Services,greenhouse,,,False
AAA Ohio Auto Club,Financial Services,greenhouse,,,False
Aalto University,Education,greenhouse,,,False
"AAON, Inc.",Manufacturing,greenhouse,,,False
Aareon AG,Professional and Business Services,greenhouse,,,False
AbbVie Inc.,Life Sciences,greenhouse,,,False
"ABC Fitness Solutions, LLC",Technology,greenhouse,,,False
"ABC Phones of North Carolina, Inc.",Retail,greenhouse,,,False
"Abercrombie & Kent USA, LLC",Professional and Business Services,greenhouse,,,False
Aberdeen Asset Management (Standard Life Aberdeen),Financial Services,greenhouse,,,False
abrdn,Financial Services,greenhouse,,,False
Abri (Radian Homes),Nonprofit,greenhouse,,,False
Absa Bank Limited,Financial Services,greenhouse,,,False
Academic Work Solutions,Professional and Business Services,greenhouse,,,False
Academy of Art University,Education,greenhouse,,,False
"Academy of Mathematics and Science, Inc",Education,greenhouse,,,False
Academy School District 20,Education,greenhouse,,,False
Accell Global B.V.,Retail,greenhouse,,,False
Accelya Topco Limited,Technology,greenhouse,,,False
Acceptance Insurance,Financial Services,greenhouse,,,False
"Access Clinical Partners, LLC (GoHealth Urgent Care)",Healthcare,greenhouse,,,False
Access Credit Union,Financial Services,greenhouse,,,False
"Acciona (Centro de Servicios Compartidos, S.L)",Other,greenhouse,,,False
Accor SA,Hospitality,greenhouse,,,False
"Accudyne Industries, LLC",Technology,greenhouse,,,False
Accuray,Life Sciences,greenhouse,,,False
Accuride,Manufacturing,greenhouse,,,False
Ace Hardware,Retail,greenhouse,,,False
Ace Hotel Group LLC,Retail,greenhouse,,,False
"Acelero, Inc.",Professional and Business Services,greenhouse,,,False
Acenda Health,Healthcare,greenhouse,,,False
"ACES 2020, LLC",Healthcare,greenhouse,,,False
ACProducts Inc. d/b/a Cabinetworks Group,Manufacturing,greenhouse,,https://cabinetworksgroup.com/careers/,True
"Acquia, Inc.",Technology,greenhouse,https://job-boards.greenhouse.io/acquia,https://www.acquia.com/careers,True
Acquire BPO,Professional and Business Services,greenhouse,,https://www.acquirebpo.com/careers/,True
Acronis International Pte Ltd.,Technology,greenhouse,,https://www.acronis.com/en-us/careers/,True
ACRT Services,Professional and Business Services,greenhouse,,https://acrt.com/careers/,True
Activ Foundation,Financial Services,greenhouse,,,False
"Active Cyber, LLC.",Professional and Business Services,greenhouse,,,False
"ActiveCampaign, LLC",Technology,greenhouse,,https://www.activecampaign.com/about/careers,True
Activision Publishing Inc,Technology,greenhouse,,,False
"Acuity Technology Partners, LLC",Professional and Business Services,greenhouse,,,False
Acxiom LLC,Professional and Business Services,greenhouse,,,False
Adams State University Colorado,Education,greenhouse,,,False
Adcorp (Adcorp Holdings Ltd.),Professional and Business Services,greenhouse,,,False
Addleshaw Goddard (AG Service Company Limited),Professional and Business Services,greenhouse,,,False
Adeo,Retail,greenhouse,,,False
Adevinta Information Services,Technology,greenhouse,,,False
Advance Auto Parts,Retail,greenhouse,,,False
"Advance Magazine Publishers, Inc.",Media and Entertainment,greenhouse,,,False
Advantage Solutions,Professional and Business Services,greenhouse,,,False
Advantech,Manufacturing,greenhouse,,,False
AdventHealth,Healthcare,greenhouse,,,False
Adventist Healthcare,Healthcare,greenhouse,,,False
"Advocate Aurora Health (Advocate Aurora Health, Inc.)",Healthcare,greenhouse,,,False
Advocate Health,Healthcare,greenhouse,,,False
Adzuna,Technology,greenhouse,,,False
AEB SE,Technology,greenhouse,,,False
AECOM,Other,greenhouse,,https://aecom.jobs/,True
AEG,Hospitality,greenhouse,,,False
Aegis Managing Agency Limited,Financial Services,greenhouse,,,False
"Aegis Therapies, Inc.",Healthcare,greenhouse,,,False
AEGON Corporate Center B.V.,Financial Services,greenhouse,,,False
Aermont Capital LLP,Professional and Business Services,greenhouse,,,False
Affin Bank Berhad,Financial Services,greenhouse,,,False
Affinius Capital LLC,Financial Services,greenhouse,,,False
Africa Health Research Institute NPC,Nonprofit,greenhouse,,,False
AgeCare,Healthcare,greenhouse,,,False
AGF Management Limited,Financial Services,greenhouse,,,False
"Agile Sports Technologies, Inc. DBA Hudl",Technology,greenhouse,https://job-boards.greenhouse.io/hudl,https://www.hudl.com/jobs,True
AGL (AGL Corporate Services Pty Ltd),Energy and Resources,greenhouse,,,False
Agoda Company Pte Ltd,Other,greenhouse,https://job-boards.greenhouse.io/agoda,https://careers.agoda.com/,True
AGRANA Beteiligungs-AG,Other,greenhouse,,,False
"Agriculture Capital (ACM Human Resources, LLC dba ACO)",Other,greenhouse,,,False
Agropur Cooperative,Manufacturing,greenhouse,,,False
AHF Products,Manufacturing,greenhouse,,,False
AIA Shared Services (Hong Kong) Limited,Financial Services,greenhouse,,,False
AIG Australia Limited (AIG Group - AIG New Zealand),Professional and Business Services,greenhouse,,,False
Aimia Inc.,Professional and Business Services,greenhouse,,,False
Aims Community College (Aims Local College District DBA Aims Community College),Education,greenhouse,,,False
Air Liquide,Manufacturing,greenhouse,,,False
Air New Zealand Limited,Other,greenhouse,,,False
Airbnb,Technology,greenhouse,https://job-boards.greenhouse.io/airbnb,https://careers.airbnb.com/,True
Airbus Group SAS,Manufacturing,greenhouse,,,False
AIRE Ancient Baths,Hospitality,greenhouse,,,False
Aireon LLC,Technology,greenhouse,,,False
Airlines Reporting Corporation,Professional and Business Services,greenhouse,,,False
Airtable,Technology,greenhouse,https://job-boards.greenhouse.io/airtable,https://www.airtable.com/careers,True
Airtron LLC,Manufacturing,greenhouse,,,False
"Akamai Technologies, Inc.",Technology,greenhouse,,,False
Akin Gump Strauss Hauer & Feld LLP,Professional and Business Services,greenhouse,,https://www.akingump.com/en/careers.html,True
Alamo Drafthouse Cinemas,Media and Entertainment,greenhouse,,https://drafthouse.com/careers,True
"Alantra Partners, S.A.",Financial Services,greenhouse,,,False
Alarm.com,Technology,greenhouse,https://job-boards.greenhouse.io/alarmcom,https://www.alarm.com/careers,True
Albany Medical Center,Healthcare,greenhouse,,,False
Alberta Investment Management Corporation,Financial Services,greenhouse,,https://www.aimco.ca/careers,True
Albertsons Companies,Retail,greenhouse,,,False
Alcoa,Manufacturing,greenhouse,,,False
"Alcon Laboratories, Inc.",Life Sciences,greenhouse,,,False
Aldi,Retail,greenhouse,,,False
"Alegeus Technologies, LLC",Technology,greenhouse,,https://www.alegeus.com/company/careers/,True
"Alexion Pharmaceuticals, Inc.",Life Sciences,greenhouse,,,False
Alfa (Alfa Financial Software Limited),Technology,greenhouse,,,False
Alfa Laval Corporate AB,Manufacturing,greenhouse,,,False
Alia Servizi Ambientali SpA,Professional and Business Services,greenhouse,,,False
Aliaxis,Other,greenhouse,,,False
"Align Technology, Inc.",Life Sciences,greenhouse,,,False
Alira health,Professional and Business Services,greenhouse,,,False
ALK-Abello AS,Life Sciences,greenhouse,,https://www.alk.net/careers,True
Allcat Claims Service,Financial Services,greenhouse,,,False
Allegro Funds,Financial Services,greenhouse,,,False
Allegro MicroSystems,Manufacturing,greenhouse,,https://allegromicro.com/en/about-allegro/careers,True
Alliance College-Ready Public Schools,Education,greenhouse,,,False
"Alliance HealthCare Services, Inc.",Healthcare,greenhouse,,,False
Alliance Medical Group Limited,Healthcare,greenhouse,,,False
Alliander N.V.,Energy and Resources,greenhouse,,,False
Allina Health System,Healthcare,greenhouse,,https://careers.allinahealth.org/,True
"Allscripts Healthcare, LLC",Technology,greenhouse,,https://www.allscripts.com/careers,True
Alma Media Corporation,Communications,greenhouse,,,False
"Almirall, S.A.",Professional and Business Services,greenhouse,,https://www.almirall.com/careers,True
ALPHA-School-ENCOR-ENOA (Eastern Nebraska Regional Agency on Human Services),Public Sector,greenhouse,,,False
AlphaSights Ltd,Professional and Business Services,greenhouse,,,False
Alphia,Retail,greenhouse,,,False
Alpine Physician Partners,Healthcare,greenhouse,,,False
"ALS Group USA, Corp.",Professional and Business Services,greenhouse,,,False
ALSA Grupo SLU,Professional and Business Services,greenhouse,,,False
AltaMed Health Services Corporation,Healthcare,greenhouse,,https://www.altamed.org/careers,True
Alternate Solutions Health Network,Healthcare,greenhouse,,,False
Alternative Futures Group,Nonprofit,greenhouse,,,False
Alterra Mountain Company,Hospitality,greenhouse,,,False
Altrad,Professional and Business Services,greenhouse,,,False
"Altria Client Services, Inc.",Other,greenhouse,,,False
Altru Health System,Healthcare,greenhouse,,,False
"Always Compassionate Home Care, Inc",Healthcare,greenhouse,,,False
Amadeus IT Group S.A,Technology,greenhouse,,,False
"Amazon Audible, Inc.",Technology,greenhouse,,,False
Amazon Web Services,Professional and Business Services,greenhouse,,,False
"Ambac Financial Group, Inc.",Financial Services,greenhouse,,,False
Amer Sports Europe Services GmbH,Manufacturing,greenhouse,,,False
American Association For The Advancement of Science,Nonprofit,greenhouse,,,False
American Bankers Association,Nonprofit,greenhouse,,,False
American Century Services LLC,Financial Services,greenhouse,,,False
American Crystal Sugar Company,Manufacturing,greenhouse,,,False
American Electric Power Service Corporation,Energy and Resources,greenhouse,,,False
American Family Mutual Insurance Company,Financial Services,greenhouse,,https://www.amfam.com/about/careers,True
American Health Staffing Group,Professional and Business Services,greenhouse,,,False
American Humane,Nonprofit,greenhouse,,https://www.americanhumane.org/about-us/careers/,True
American Oncology Network,Healthcare,greenhouse,,https://www.americanoncology.com/careers/,True
"American Regent, Inc.",Life Sciences,greenhouse,,https://www.americanregent.com/careers/,True
"American Tire Distributors, Inc.",Retail,greenhouse,,,False
American Transmission Company LLC (ATC),Energy and Resources,greenhouse,,,False
American University,Education,greenhouse,,https://www.american.edu/careers,True
American Vision Partners,Healthcare,greenhouse,,,False
Amerisure Mutual Insurance Company,Financial Services,greenhouse,,,False
AmeriTeam Services,Healthcare,greenhouse,,,False
AmeriVet Veterinary Partners,Healthcare,greenhouse,,,False
"Amgen, Inc.",Life Sciences,greenhouse,,https://careers.amgen.com/,True
Amherst College (The Trustees of Amherst College),Education,greenhouse,,,False
AMLI Management Company,Financial Services,greenhouse,,https://www.amli.com/careers,True
"AMM GHC, LLC",Hospitality,greenhouse,,,False
AMN Healthcare Services,Healthcare,greenhouse,,https://www.amnhealthcare.com/careers/,True
Amor GmbH,Retail,greenhouse,,,False
"AmTrust Financial Services, Inc.",Financial Services,greenhouse,,https://amtrustfinancial.com/careers,True
An American Multinational Pharmaceutical and Biotechnology Corporation,Manufacturing,greenhouse,,,False
"Anaplan, Inc.",Technology,greenhouse,https://job-boards.greenhouse.io/anaplan,https://careers.anaplan.com/,True
"Anastasia Beverly Hills, LLC",Retail,greenhouse,,https://www.anastasiabeverlyhills.com/careers.html,True
Ancestry.com,Technology,greenhouse,,,False
Anchor Hocking Glass Company,Manufacturing,greenhouse,,,False
"Anchor Qea, LLC",Professional and Business Services,greenhouse,,,False
Anchorage School District,Education,greenhouse,,,False
Andela,Technology,greenhouse,,https://andela.com/careers/,True
Anderson Automotive Group,Retail,greenhouse,,,False
Anderson University,Education,greenhouse,,,False
Anesco,Energy and Resources,greenhouse,,,False
Angle Auto Finance,Financial Services,greenhouse,,,False
Anglicare,Nonprofit,greenhouse,,,False
Anglicare SQ,Healthcare,greenhouse,,,False
ankorstore,Retail,greenhouse,,,False
Ankura Consulting Group LLC,Professional and Business Services,greenhouse,,https://www.ankura.com/careers/,True
Ann & Robert H. Lurie Children's Hospital of Chicago,Healthcare,greenhouse,,,False
Anonymous Automotive Company,Manufacturing,greenhouse,,,False
Ansira,Technology,greenhouse,,https://ansira.com/careers/,True
Antares Global Management Limited,Financial Services,greenhouse,,,False
Anticimex North America,Professional and Business Services,greenhouse,,,False
ANWB B.V.,Financial Services,greenhouse,,,False
Aon Japan,Financial Services,greenhouse,,,False
Aon Service Corporation,Financial Services,greenhouse,,,False
APA (APT Management Services),Energy and Resources,greenhouse,,,False
"Apache Industrial Services, Inc.",Professional and Business Services,greenhouse,,,False
"Apeel Technology, Inc.",Life Sciences,greenhouse,https://job-boards.greenhouse.io/apeelsciences,https://www.apeel.com/careers,True
Apex Capital Corp,Financial Services,greenhouse,,,False
Apex Fund Company Services Limited,Financial Services,greenhouse,,,False
"Apex Global Solutions, LLC",Professional and Business Services,greenhouse,,,False
Appen Butler Hill Inc,Professional and Business Services,greenhouse,,,False
"Appfire Technologies, LLC.",Technology,greenhouse,,,False
Appian Corporation,Technology,greenhouse,https://job-boards.greenhouse.io/appian,https://careers.appian.com/,True
Apple Bank for Savings,Financial Services,greenhouse,,,False
"Applied Industrial Technologies, Inc.",Manufacturing,greenhouse,,,False
"Applied Materials, Inc.",Manufacturing,greenhouse,,https://careers.appliedmaterials.com/,True
"Applied Research Associates, Inc.",Professional and Business Services,greenhouse,,https://www.ara.com/careers,True
"Applus Servicios Tecnologicos, S.L.U.",Professional and Business Services,greenhouse,,,False
Apria Healthcare LLC,Healthcare,greenhouse,,https://www.apria.com/careers,True
Apside Advance,Professional and Business Services,greenhouse,,,False
APTIA UK LIMITED,Financial Services,greenhouse,,,False
Aptive Environmental,Other,greenhouse,,https://careers.goaptive.com/,True
Apttus Corporation,Technology,greenhouse,,,False
AQA,Education,greenhouse,,,False
AQESA,Manufacturing,greenhouse,,,False
Aqua Finance,Financial Services,greenhouse,,,False
Aquila Capital Holding GmbH,Financial Services,greenhouse,,,False
Aramex International LLC,Technology,greenhouse,,,False
"Arbella Service Company, Inc.",Financial Services,greenhouse,,https://www.arbella.com/careers,True
Arch Resources Inc,Energy and Resources,greenhouse,,,False
Arcticom,Professional and Business Services,greenhouse,,,False
Arendt & Medernach SA,Professional and Business Services,greenhouse,,,False
argenx BVBA,Life Sciences,greenhouse,,https://www.argenx.com/careers,True
Argus Media Ltd,Media and Entertainment,greenhouse,,,False
Ariens Company,Manufacturing,greenhouse,,,False
Aristocrat Technologies Australia Pty. Ltd.,Manufacturing,greenhouse,,,False
Arkansas Children's Hospital,Healthcare,greenhouse,,https://www.archildrens.org/careers,True
Armanino,Professional and Business Services,greenhouse,,https://www.armaninollp.com/careers/,True
Arnott's Group,Retail,greenhouse,,https://www.arnotts.com/careers,True
Arriva plc,Other,greenhouse,,,False
Arrow Child & Family Ministries,Nonprofit,greenhouse,,,False
Arrow Electronics,Technology,greenhouse,,https://careers.arrow.com/,True
Arterra Wines Canada,Other,greenhouse,,https://www.arterracanada.com/careers,True
Ascensia Diabetes Care Holdings AG,Life Sciences,greenhouse,,,False
Ascensus,Financial Services,greenhouse,,https://www.ascensus.com/careers/,True
Ascent Global Logistics,Other,greenhouse,,https://www.ascentgl.com/careers/,True
Ascent Solutions,Technology,greenhouse,,,False
Ascential (Ascential Group Ltd),Professional and Business Services,greenhouse,,,False
ASDA Stores Limited,Retail,greenhouse,,,False
Ashland Hospital Corporation d/b/a King's Daughters Medical Center,Healthcare,greenhouse,,https://www.kingsdaughtershealth.com/careers,True
ASMPT,Manufacturing,greenhouse,,,False
ASOS.com Limited,Retail,greenhouse,,https://www.asoscareers.com/,True
"Aspen Dental Management, Inc.",Healthcare,greenhouse,,https://careers.aspendental.com/,True
AssetMark,Financial Services,greenhouse,,,False
Assist Digital SpA,Professional and Business Services,greenhouse,,,False
Associated Retailers Limited,Retail,greenhouse,,,False
"Association Management Center, Inc",Professional and Business Services,greenhouse,,,False
Association of Chartered Certified Accountants,Professional and Business Services,greenhouse,,,False
Assurance America Managing General Agency,Financial Services,greenhouse,,,False
Assurity Consulting Ltd,Financial Services,greenhouse,,,False
Astara,Professional and Business Services,greenhouse,,,False
AstraZeneca UK Limited,Life Sciences,greenhouse,,,False
Astro (Astro Group Services SDN BHD),Media and Entertainment,greenhouse,,,False
Astronomer,Technology,greenhouse,,,False
"ASU Arizona State University (Arizona Board of Regents, a body corporate, for and on behalf of Arizona State University, The)",Education,greenhouse,,,False
ASU Preparatory Academy,Education,greenhouse,,,False
ASX Operations Pty Ltd,Financial Services,greenhouse,,,False
Athena Labs LLC,Professional and Business Services,greenhouse,,,False
"athenahealth, Inc",Professional and Business Services,greenhouse,,https://www.athenahealth.com/careers,True
Athene Annuity and Life Company,Financial Services,greenhouse,,,False
Atheneum Partners GmbH,Professional and Business Services,greenhouse,,,False
"Athletico Management, LLC",Healthcare,greenhouse,,,False
"Atlantic Media, Inc.",Media and Entertainment,greenhouse,,,False
Atlas Professionals,Professional and Business Services,greenhouse,,,False
Atlassian Pty Ltd,Technology,greenhouse,,https://www.atlassian.com/company/careers,True
ATPCO,Media and Entertainment,greenhouse,,,False
Atrium Hospitality LP,Hospitality,greenhouse,,,False
"AuditBoard, Inc.",Communications,greenhouse,,https://www.auditboard.com/careers/,True
Aurecon Australasia Pty Ltd,Professional and Business Services,greenhouse,,,False
Aurelius Beteiligungsberatungs AG,Financial Services,greenhouse,,,False
"Aurora Operations, Inc",Technology,greenhouse,,,False
Aurora Organic Dairy Corp,Retail,greenhouse,,,False
Aurora Solar Inc.,Technology,greenhouse,,https://www.aurorasolar.com/company/careers/,True
Aussie Broadband Limited,Communications,greenhouse,,https://www.aussiebroadband.com.au/careers/,True
Autism Plus Adding Value to Lives,Nonprofit,greenhouse,,,False
AUTO1 Group Operations SE,Retail,greenhouse,,https://www.auto1-group.com/en/careers/,True
"Autodesk, Inc.",Technology,greenhouse,,,False
Autodoc GmbH,Retail,greenhouse,,,False
Autohuset Vestegaard,Retail,greenhouse,,,False
Automation Anywhere,Technology,greenhouse,,https://www.automationanywhere.com/company/careers,True
Autorité des marchés financiers (Québec),Public Sector,greenhouse,,,False
AutoStore,Manufacturing,greenhouse,,https://autostoresystem.com/careers/,True
"Avalara, Inc.",Technology,greenhouse,,https://avalara.com/careers/,True
"AvalonBay Communities, Inc.",Financial Services,greenhouse,,,False
"Avant, LLC",Technology,greenhouse,,,False
Avantor,Professional and Business Services,greenhouse,,,False
Avature Limited,Media and Entertainment,greenhouse,,,False
Avaya Inc.,Technology,greenhouse,,https://careers.avaya.com/,True
Aveanna Healthcare,Healthcare,greenhouse,,https://www.aveanna.com/careers/,True
Avera Health,Healthcare,greenhouse,,,False
Averis,Manufacturing,greenhouse,,,False
"Avesis, Inc.",Financial Services,greenhouse,,,False
AVEVA Solutions Limited,Technology,greenhouse,,,False
AVIAREPS AG,Professional and Business Services,greenhouse,,,False
Avid Technology,Technology,greenhouse,,,False
Avios Group (AGL) Ltd,Hospitality,greenhouse,,,False
"Avis Budget Group (Avis Budget Car Rental, LLC)",Other,greenhouse,,https://jobs.avisbudgetgroup.com/,True
Aviv Group GmbH,Financial Services,greenhouse,,,False
Avon,Retail,greenhouse,,,False
AWG GROUP Limited,Energy and Resources,greenhouse,,,False
"Axalta Coating Systems, LLC",Manufacturing,greenhouse,,,False
AYMING,Professional and Business Services,greenhouse,,,False
Azelis,Other,greenhouse,,,False
Azenta,Manufacturing,greenhouse,,,False
Aztec Financial Services (Jersey) Limited,Financial Services,greenhouse,,,False
Azusa Pacific University,Education,greenhouse,,https://www.apu.edu/employment/,True
Babbel (Lesson Nine GmbH),Professional and Business Services,greenhouse,https://job-boards.greenhouse.io/babbel,https://jobs.babbel.com/,True
BABEL TENEDORA DE PARTICIPACIONES SA,Technology,greenhouse,,,False
Babilou Group,Professional and Business Services,greenhouse,,,False
Babson College,Education,greenhouse,,,False
"Bain & Company, Inc.",Professional and Business Services,greenhouse,,https://www.bain.com/careers/,True
Bakkafrost,Retail,greenhouse,,,False
Balco Australia,Retail,greenhouse,,,False
"Baldwin Risk Partners, LLC",Financial Services,greenhouse,,,False
Ballard Spahr LLP,Professional and Business Services,greenhouse,,,False
Balyasny Asset Management L.P.,Financial Services,greenhouse,,https://www.bamfunds.com/careers,True
BAMF Health,Professional and Business Services,greenhouse,,https://bamfhealth.com/careers/,True
Banca Sella Group (Centrico S.p.A.),Technology,greenhouse,,,False
"Banco Monex S.A. Institucion de Banca Multiple, Monex Grupo Financiero",Financial Services,greenhouse,,,False
Bangchak (Bangchak Corporation Public Company Limited),Energy and Resources,greenhouse,,,False
Banijay,Media and Entertainment,greenhouse,,,False
Bank Australia Limited,Financial Services,greenhouse,,,False
Bank of Montreal,Financial Services,greenhouse,,,False
Bank of Queensland Limited,Financial Services,greenhouse,,https://www.boq.com.au/about-us/careers,True
Bank Vontobel AG,Financial Services,greenhouse,,https://www.vontobel.com/en-ch/about-vontobel/careers/,True
"BankUnited, N.A.",Financial Services,greenhouse,,,False
Banner Health,Healthcare,greenhouse,,,False
Baptist Health,Healthcare,greenhouse,,,False
Baptist Health,Healthcare,greenhouse,,,False
"Baptist Health System, Inc.",Healthcare,greenhouse,,,False
Baptist Union Of Queensland - Carinity,Healthcare,greenhouse,,,False
"BARCELO GESTION HOTELERA, S.L.",Hospitality,greenhouse,,,False
Bard Materials,Manufacturing,greenhouse,,,False
Baringa,Professional and Business Services,greenhouse,,,False
Barnhill Contracting Company,Professional and Business Services,greenhouse,,,False
Barr Engineering Company,Professional and Business Services,greenhouse,,https://www.barr.com/careers/,True
Barriere Hotel,Hospitality,greenhouse,,,False
"Barry-Wehmiller Companies, Inc.",Manufacturing,greenhouse,,https://www.barrywehmiller.com/careers,True
Basic Fit,Hospitality,greenhouse,,,False
Basis Technologies,Media and Entertainment,greenhouse,,,False
"Bass Pro, LLC",Retail,greenhouse,,,False
Bauda,Retail,greenhouse,,,False
Baumann Federn AG,Manufacturing,greenhouse,,,False
Bavarian Nordic A/S,Manufacturing,greenhouse,,https://www.bavarian-nordic.com/careers.aspx,True
Bay Area Hospital,Healthcare,greenhouse,,,False
Bay County Clerk of Court and Comptroller,Public Sector,greenhouse,,,False
Bayada,Healthcare,greenhouse,,,False
BayWa r.e. AG,Energy and Resources,greenhouse,,https://www.baywa-re.com/en/career/,True
"Bazaarvoice, Inc.",Media and Entertainment,greenhouse,,,False
BBVA/Banco Bilbao Vizcaya Argentaria S.A.,Financial Services,greenhouse,,,False
BC Assessment (British Columbia Assessment Authority),Financial Services,greenhouse,,,False
BCD Travel,Professional and Business Services,greenhouse,,,False
BDO United Kingdom (BDO Services Limited),Professional and Business Services,greenhouse,,,False
BDR Thermea,Manufacturing,greenhouse,,,False
Beachbody,Other,greenhouse,,,False
Beca Corporate Holdings Limited,Professional and Business Services,greenhouse,,,False
Beemok Capital LLC,Financial Services,greenhouse,,,False
Bega Cheese Limited,Other,greenhouse,,,False
Believe,Media and Entertainment,greenhouse,,,False
"Belk, Inc.",Retail,greenhouse,,,False
"Belkin International, Inc.",Technology,greenhouse,,,False
"Bell County, Texas",Public Sector,greenhouse,,,False
"Bella + Canvas, LLC",Retail,greenhouse,,,False
Belmond Management Ltd,Hospitality,greenhouse,,,False
"Bemis Company, Inc.",Manufacturing,greenhouse,,,False
"Benco Dental Supply Co., Inc.",Manufacturing,greenhouse,,,False
"Benefis Health System, Inc.",Healthcare,greenhouse,,,False
"BeneSys, Inc.",Professional and Business Services,greenhouse,,,False
"Bentley Systems, Incorporated",Technology,greenhouse,,,False
Bentley University,Education,greenhouse,,,False
Bergzeit GmBH,Retail,greenhouse,,,False
"Berkeley Research Group, LLC",Professional and Business Services,greenhouse,,,False
Berklee College of Music,Education,greenhouse,,https://www.berklee.edu/jobs,True
Best Buy Canada Ltd,Retail,greenhouse,,,False
Best Friends Animal Society,Nonprofit,greenhouse,,https://bestfriends.org/careers,True
Best Western International,Hospitality,greenhouse,,,False
"Better Holdco, Inc. (formerly, Better Mortgage Corporation)",Financial Services,greenhouse,,https://better.com/careers,True
BetterUp,Technology,greenhouse,,,False
Betty's Burgers,Hospitality,greenhouse,,,False
Beyond Blue,Healthcare,greenhouse,,,False
BGO Holding GmbH,Retail,greenhouse,,,False
BHG,Financial Services,greenhouse,,,False
Big Night Entertainment Group,Hospitality,greenhouse,,,False
BigIron,Communications,greenhouse,,,False
Bill Gosling Outsourcing,Professional and Business Services,greenhouse,,,False
"Bill Operations (formerly, Bill.com, LLC)",Technology,greenhouse,https://job-boards.greenhouse.io/billcom,https://www.bill.com/company/careers,True
Biltmore,Hospitality,greenhouse,,,False
Bioclinica,Life Sciences,greenhouse,,,False
BIOCODEX,Life Sciences,greenhouse,,,False
Biogen Idec Inc.,Life Sciences,greenhouse,,,False
Biola University,Education,greenhouse,,,False
"BioTheryX, Inc.",Manufacturing,greenhouse,,,False
Birch Communications Inc,Communications,greenhouse,,,False
Bishop Fleming LLP,Professional and Business Services,greenhouse,,,False
Bishop Wisecarver,Manufacturing,greenhouse,,,False
Bison Transport,Other,greenhouse,,,False
Bizagi Ltd,Technology,greenhouse,,,False
BlaBlaCar,Technology,greenhouse,,,False
Black Knight Financial Technology Solutions LLC,Professional and Business Services,greenhouse,,,False
Blackbaud,Technology,greenhouse,,https://www.blackbaud.com/company/careers,True
BlackBerry,Technology,greenhouse,,,False
Blacklane,Technology,greenhouse,https://job-boards.greenhouse.io/blacklane,https://www.blacklane.com/en/jobs/,True
Blackstone,Financial Services,greenhouse,,,False
"Blattner Energy, Inc.",Manufacturing,greenhouse,,,False
"Blessing Corporate Services, Inc.",Healthcare,greenhouse,,,False
BLG (Borden Ladner Gervais LLP),Professional and Business Services,greenhouse,,,False
Blink Charging Co.,Media and Entertainment,greenhouse,,,False
Bloom Energy,Manufacturing,greenhouse,,,False
"Blucora, Inc.",Professional and Business Services,greenhouse,,,False
"Blue Cross & Blue Shield of Mississippi, A Mutual Insurance Company",Financial Services,greenhouse,,,False
Blue Cross and Blue Shield of North Carolina,Financial Services,greenhouse,,https://careers.bluecrossnc.com/,True
"Blue Cross and Blue Shield of Rhode Island, Inc.",Financial Services,greenhouse,,,False
Blue Yonder (formerly JDA Software),Technology,greenhouse,,https://careers.blueyonder.com/,True
Bluescope Steel North America Corporation,Manufacturing,greenhouse,,,False
BMW Financial Services (GB) Ltd,Retail,greenhouse,,,False
BNB - Business Network Builders,Professional and Business Services,greenhouse,,,False
Board of Education of Howard County,Education,greenhouse,,,False
Board of Regents of the University System of Georgia by and on behalf of Georgia College and State University,Education,greenhouse,,,False
Board of Supervisors of Louisiana State University and Agricultural and Mechanical College (LSU),Education,greenhouse,,,False
Boat Rocker Media Inc.,Technology,greenhouse,,,False
Bob's Discount Furniture,Retail,greenhouse,,,False
BOLT Services UK Limited,Technology,greenhouse,,,False
"Bonadio & Co., LLP",Professional and Business Services,greenhouse,,,False
Bonneville International,Media and Entertainment,greenhouse,,,False
"Booz Allen Hamilton, Inc.",Professional and Business Services,greenhouse,,https://careers.boozallen.com/,True
Border States Industries,Retail,greenhouse,,https://borderstates.com/careers/,True
BorgWarner,Manufacturing,greenhouse,,https://www.borgwarner.com/careers,True
Borr Drilling Management (UK) Limited,Manufacturing,greenhouse,,https://www.borrdrilling.com/careers/,True
Bossard AG,Manufacturing,greenhouse,,,False
"Boston Dynamics, Inc.",Technology,greenhouse,,https://www.bostondynamics.com/careers,True
Boston Medical Center,Healthcare,greenhouse,,https://careers.bmc.org/,True
"Boston Partners Global Investors, Inc.",Financial Services,greenhouse,,,False
Bowdoin College,Education,greenhouse,,,False
Bowen & Pomeroy Pty Ltd,Retail,greenhouse,,,False
Bowen & Pomeroy Pty Ltd,Retail,greenhouse,,,False
"Box, Inc.",Technology,greenhouse,,,False
Boyd Corporation,Manufacturing,greenhouse,,,False
Boyd Gaming Corporation,Hospitality,greenhouse,,,False
Boys and Girls Clubs of Calgary,Nonprofit,greenhouse,,,False
Boys Town (Father Flanagan's Boys' Home),Nonprofit,greenhouse,,,False
Bozeman Deaconess Health Services,Healthcare,greenhouse,,,False
Brady Corporation,Manufacturing,greenhouse,,,False
Brambles,Professional and Business Services,greenhouse,,,False
"Brand Safway (BRAND INDUSTRIAL SERVICES, INC.)",Professional and Business Services,greenhouse,,,False
Brandeis University,Education,greenhouse,,https://www.brandeis.edu/human-resources/careers/,True
Brandes Investment Partners,Financial Services,greenhouse,,,False
Brandman University,Education,greenhouse,,,False
BraunAbility,Manufacturing,greenhouse,,,False
Bravedo Oy,Professional and Business Services,greenhouse,,,False
"Braves (Atlanta National League Baseball Club, LLC)",Hospitality,greenhouse,,https://www.mlb.com/braves/team/jobs,True
BreakthroughT1D,Nonprofit,greenhouse,,,False
BrickStreet Mutual Insurance,Financial Services,greenhouse,,,False
Brigham Young University,Education,greenhouse,,https://hrm.byu.edu/careers,True
Brigham Young University-Hawaii,Education,greenhouse,,,False
Brigham Young University-Idaho,Education,greenhouse,,,False
Brightstar Corporation,Communications,greenhouse,,,False
Bristol-Myers Squibb,Life Sciences,greenhouse,,,False
"Bristow Group, Inc.",Other,greenhouse,,,False
British Heart Foundation,Nonprofit,greenhouse,,,False
Broadcast Music Inc,Communications,greenhouse,,,False
Brock University,Education,greenhouse,,,False
Bronson Health Care Group,Healthcare,greenhouse,,,False
Brookfield Corporate Operations LLC,Financial Services,greenhouse,,,False
Brookhaven National Laboratory (via: Accenture Federal Services),Public Sector,greenhouse,,,False
Brooklyn Public Library,Nonprofit,greenhouse,,https://www.bklynlibrary.org/about/careers,True
Brother International Corporation,Technology,greenhouse,,https://www.brother-usa.com/about/careers,True
Broward College,Education,greenhouse,,https://www.broward.edu/about/administration/human-resources/index.php,True
"Brown & Brown Insurance (Brown & Brown, Inc.)",Financial Services,greenhouse,,,False
Brown University,Education,greenhouse,,,False
Brown-Forman,Manufacturing,greenhouse,,https://careers.brown-forman.com/,True
Browne Jacobson LLP,Professional and Business Services,greenhouse,,https://www.brownejacobson.com/careers,True
Brunello Cucinelli Spa,Retail,greenhouse,,,False
Brunswick Corporation,Manufacturing,greenhouse,,,False
Bryn Mawr College,Education,greenhouse,,,False
"Bti Solutions, Inc.",Professional and Business Services,greenhouse,,,False
Bucknell University,Education,greenhouse,,,False
Bucks County Community College,Education,greenhouse,,,False
Budage Pty Limited (Clayton),Professional and Business Services,greenhouse,,,False
Buffalo Games,Retail,greenhouse,,,False
Bugcrowd,Technology,greenhouse,https://job-boards.greenhouse.io/bugcrowd,https://www.bugcrowd.com/careers/,True
"Builders Resource Group, Inc.",Professional and Business Services,greenhouse,,,False
Bumble (Badoo Trading Limited),Technology,greenhouse,,https://bumble.com/en/careers,True
Bunnings Group Limited,Retail,greenhouse,,,False
Burlington Coat Factory,Retail,greenhouse,,,False
Burness Paull LLP,Professional and Business Services,greenhouse,,,False
"Burrell, Inc.",Healthcare,greenhouse,,,False
Busy Bees Learning Australia Pty Ltd.,Education,greenhouse,,,False
"BuzzFeed Media Enterprises, Inc.",Media and Entertainment,greenhouse,https://job-boards.greenhouse.io/buzzfeed,https://www.buzzfeed.com/about/jobs,True
"BZAM Management Inc.,",Retail,greenhouse,,,False
C&S Wholesale Grocers Inc,Retail,greenhouse,,,False
C-TRAN,Public Sector,greenhouse,,,False
Cabinet Office,Public Sector,greenhouse,,,False
Cabot Corporation,Manufacturing,greenhouse,,,False
CACI,Technology,greenhouse,,https://careers.caci.com/,True
Cadence,Technology,greenhouse,,,False
"CAE USA, Inc.",Technology,greenhouse,,,False
Cairn Energy,Energy and Resources,greenhouse,,,False
Cajun Operating Company,Hospitality,greenhouse,,,False
Cal Poly Corporation,Nonprofit,greenhouse,,,False
CALA Management Limited,Professional and Business Services,greenhouse,,,False
Caliber Holdings Corporation,Retail,greenhouse,,,False
"CaliBunga San Jose, LLC",Hospitality,greenhouse,,,False
"Caliburn International, LLC",Professional and Business Services,greenhouse,,,False
California Institute of Technology Jet Propulsion Laboratory,Public Sector,greenhouse,,,False
"California Pizza Kitchen, Inc.",Hospitality,greenhouse,,,False
"Calix Networks, Inc.",Technology,greenhouse,,,False
Callaghan Innovation,Public Sector,greenhouse,,,False
Calo Programs,Life Sciences,greenhouse,,,False
Calvert County Government,Public Sector,greenhouse,,,False
Calvin University (Calvin College),Education,greenhouse,,https://calvin.edu/offices-services/human-resources/,True
"Calyx (Perceptive Informatics, LLC)",Professional and Business Services,greenhouse,,,False
Cambio,Healthcare,greenhouse,,,False
"Cambium Learning Group, Inc. and Affiliates",Technology,greenhouse,,https://www.cambiumlearning.com/careers,True
Cambridge University Press,Media and Entertainment,greenhouse,,,False
Camden National Bank,Financial Services,greenhouse,,,False
Campbellsville University,Education,greenhouse,,,False
Camping World,Retail,greenhouse,,,False
Campus Advantage,Professional and Business Services,greenhouse,,,False
Camunda Services GmbH,Professional and Business Services,greenhouse,,https://camunda.com/career/,True
Canaccord Genuity Corp.,Financial Services,greenhouse,,,False
Canada Goose Inc.,Manufacturing,greenhouse,,,False
Canadian Imperial Bank of Commerce,Financial Services,greenhouse,,,False
Canadian Western Bank,Financial Services,greenhouse,,,False
"Cano Health, LLC",Healthcare,greenhouse,,,False
Canopy Growth Corporation,Life Sciences,greenhouse,,,False
Canva Pty Ltd,Technology,greenhouse,,,False
Capilano University,Education,greenhouse,,,False
Capita Business Services Limited,Professional and Business Services,greenhouse,,,False
Capital Automotive Group,Retail,greenhouse,,,False
"Capital Energy Holco, S.L.",Energy and Resources,greenhouse,,,False
"Capital Health System, Inc.",Healthcare,greenhouse,,,False
Capitalize Data Analytics LLC,Professional and Business Services,greenhouse,,,False
CapServeCo Limited Partnership,Professional and Business Services,greenhouse,,,False
Capstone Logistics,Other,greenhouse,,,False
"CapTech Ventures, Inc.",Professional and Business Services,greenhouse,,https://www.captechconsulting.com/careers,True
Carbery Food Ingredients Limited,Other,greenhouse,,,False
"Carbon Health Technologies, Inc.",Healthcare,greenhouse,,https://www.carbonhealth.com/careers,True
CARDANO,Financial Services,greenhouse,,,False
Cardinal Financial Company,Financial Services,greenhouse,,,False
Cardlytics,Professional and Business Services,greenhouse,,https://www.cardlytics.com/careers/,True
"Cardtronics USA, Inc.",Financial Services,greenhouse,,,False
Care.com,Technology,greenhouse,https://job-boards.greenhouse.io/carecom,https://www.care.com/about-us/careers,True
"CareAbout MSO, LLC",Healthcare,greenhouse,,,False
CareCentrix Inc,Healthcare,greenhouse,,,False
Career Partner GmbH (IU Group),Professional and Business Services,greenhouse,,,False
CareerBuilder.com,Technology,greenhouse,,,False
"CareOregon, Inc.",Financial Services,greenhouse,,,False
Carestar Holdings,Professional and Business Services,greenhouse,,,False
Caret Holdings (Root Insurance),Financial Services,greenhouse,,,False
Cargotec Finland Oy,Manufacturing,greenhouse,,,False
"Carilion Services, Inc.",Healthcare,greenhouse,,,False
"Carl Zeiss, Inc.",Manufacturing,greenhouse,,,False
Carleton College,Education,greenhouse,,,False
Carlisle Homes,Professional and Business Services,greenhouse,,,False
Carlisle LLC,Retail,greenhouse,,,False
Carnegie Mellon University,Education,greenhouse,,https://www.cmu.edu/jobs/,True
Carpenter Technology Corporation,Manufacturing,greenhouse,,,False
Carroll Organization,Financial Services,greenhouse,,,False
Cars.com Inc.,Communications,greenhouse,,,False
"Carta (eShares, Inc. DBA Carta, Inc.)",Technology,greenhouse,https://job-boards.greenhouse.io/carta,https://carta.com/careers/,True
Carter's (The William Carter Company),Other,greenhouse,,,False
Carthage College,Education,greenhouse,,,False
"Casas Javer, S.A. de C.V.",Professional and Business Services,greenhouse,,,False
Cascadia Health,Healthcare,greenhouse,,,False
"Catalent Pharma Solutions, LLC",Life Sciences,greenhouse,,,False
Catalight Foundation,Nonprofit,greenhouse,,,False
Catalina Island Company,Hospitality,greenhouse,,,False
Catalina Marketing,Professional and Business Services,greenhouse,,,False
Catalina Marketing Japan K.K.,Professional and Business Services,greenhouse,,,False
"Catapult Staffing LLC, d.b.a. Catapult Solutions Group",Professional and Business Services,greenhouse,,,False
Catawiki,Technology,greenhouse,https://job-boards.greenhouse.io/catawiki,,True
Catholic Church Insurance Limited,Financial Services,greenhouse,,,False
Caudalie SAS,Retail,greenhouse,,,False
Caulfield Grammar School,Education,greenhouse,,,False
"Cayuga Health System, Inc.",Healthcare,greenhouse,,,False
"CBOE V, LLC",Financial Services,greenhouse,,,False
CCB Management Services GmbH,Retail,greenhouse,,,False
CCC Information Services Inc,Technology,greenhouse,,,False
CCRR Parent Fastaff Inc.,Healthcare,greenhouse,,,False
"CDK Global, LLC",Technology,greenhouse,,https://www.cdkglobal.com/us/careers,True
CDL City Developments Limited (CDL Management Services Pte. Ltd.),Financial Services,greenhouse,,,False
CEC Entertainment,Hospitality,greenhouse,,,False
"Celltrion Healthcare Co., Ltd.",Healthcare,greenhouse,,,False
"Cellular South, Inc. dba C Spire",Communications,greenhouse,,,False
Celonis SE (FIN),Technology,greenhouse,https://job-boards.greenhouse.io/celonis,https://www.celonis.com/careers/,True
"Cenovus Energy, Inc.",Energy and Resources,greenhouse,,,False
"Center for Disability Services, Inc.",Healthcare,greenhouse,,https://cfdsny.org/careers/,True
CenterLight Health System Inc,Healthcare,greenhouse,,https://www.centerlighthealthcare.org/careers/,True
"Centerstone of America, Inc.",Healthcare,greenhouse,,https://centerstone.org/careers/,True
"Centerstone of Kentucky, Inc.",Healthcare,greenhouse,,https://centerstone.org/careers/,True
Centier Bank,Financial Services,greenhouse,,https://www.centier.com/about-us/careers/,True
Centra Credit Union,Financial Services,greenhouse,,,False
Central Maine Healthcare,Healthcare,greenhouse,,https://www.cmhc.org/careers/,True
Central Ohio Primary Care Physicians,Healthcare,greenhouse,,,False
"Central Park Conservancy, Inc.",Nonprofit,greenhouse,,,False
Central Peninsula Hospital,Healthcare,greenhouse,,,False
Central Valley Health District,Public Sector,greenhouse,,,False
Centrica,Energy and Resources,greenhouse,,https://www.centrica.com/careers/,True
Centrify Corporation,Technology,greenhouse,,,False
Ceratizit S.A.,Manufacturing,greenhouse,,,False
Cerebral Palsy Alliance,Nonprofit,greenhouse,,,False
Cerved,Financial Services,greenhouse,,,False
CEWE Stiftung & Co. KGaA,Retail,greenhouse,,,False
"CF Industries Enterprises, Inc",Manufacturing,greenhouse,,,False
CGG Services SAS,Professional and Business Services,greenhouse,,,False
CGH Medical Center,Healthcare,greenhouse,,,False
"CH Guenther and Son, Inc.",Manufacturing,greenhouse,,,False
Challenger (Challenger Group Services Pty Limited.),Financial Services,greenhouse,,,False
Champions Group Holdings,Professional and Business Services,greenhouse,,,False
Chapters Health System,Healthcare,greenhouse,,,False
Charles & Keith Singapore Pte Ltd,Retail,greenhouse,,,False
Charles Schwab,Financial Services,greenhouse,,https://jobs.schwabjobs.com/,True
Charter Hall Holdings Pty Ltd,Financial Services,greenhouse,,,False
"Charter Manufacturing Company, Inc.",Manufacturing,greenhouse,,,False
CHAS Health,Healthcare,greenhouse,,,False
Chatham University,Education,greenhouse,,,False
Chaucer Plc,Financial Services,greenhouse,,,False
CHC Helicopter,Other,greenhouse,,,False
Checkout,Technology,greenhouse,,https://www.checkout.com/careers,True
"Checkr, Inc.",Technology,greenhouse,https://job-boards.greenhouse.io/checkr,https://checkr.com/company/careers/,True
Cherry Bekaert Advisory LLC,Professional and Business Services,greenhouse,,https://www.cbh.com/careers/,True
CHESS,Education,greenhouse,,,False
Cheyenne Regional Medical Center,Healthcare,greenhouse,,,False
"CHG Healthcare Services, Inc.",Healthcare,greenhouse,,,False
Chickasaw Nation Industries,Public Sector,greenhouse,,,False
"Children's Hospital and Health System, Inc.",Healthcare,greenhouse,,,False
Children's Hospital of Eastern Ontario - Ottawa Children's Treatment Centre,Healthcare,greenhouse,,,False
"Children’s Institute, Inc.",Nonprofit,greenhouse,,,False
Chipotle Mexican Grill,Hospitality,greenhouse,,,False
Chiquita Brands International,Manufacturing,greenhouse,,,False
"Chobani, LLC",Other,greenhouse,,,False
CHOC Children's (formerly Children's Hospital of Orange County),Healthcare,greenhouse,,,False
"Choice Hotels International, Inc.",Hospitality,greenhouse,,,False
Chorus New Zealand,Communications,greenhouse,,,False
"Christmas Tree Shops, LLC",Retail,greenhouse,,,False
Christopher Newport University,Education,greenhouse,,,False
CHT Germany GmbH,Manufacturing,greenhouse,,,False
Chubb Group Limited,Professional and Business Services,greenhouse,,,False
Church,Manufacturing,greenhouse,,,False
"Church World Service, Inc.",Nonprofit,greenhouse,,,False
CI Financial Corp.,Financial Services,greenhouse,,,False
Ciena Corporation,Other,greenhouse,,https://www.ciena.com/careers/,True
CIFC Asset Management LLC,Financial Services,greenhouse,,,False
Cinemark,Hospitality,greenhouse,,https://careers.cinemark.com/,True
Cineplex Entertainment LP,Hospitality,greenhouse,,,False
Cipher Mining Technologies Inc.,Communications,greenhouse,,,False
Circle Health Group Limited,Healthcare,greenhouse,,,False
Circle Internet Financial,Financial Services,greenhouse,,https://www.circle.com/en/careers,True
CITIC Securities International Company Limited,Financial Services,greenhouse,,,False
CITIC Securities International Company Limited - Tenant 2,Financial Services,greenhouse,,,False
Citisoft Inc.,Professional and Business Services,greenhouse,,https://www.citisoft.com/careers/,True
"Citrix Systems, Inc.",Technology,greenhouse,,,False
City and County of Denver,Public Sector,greenhouse,,,False
City Electrical Factors Ltd.,Retail,greenhouse,,,False
City of Akron,Public Sector,greenhouse,,,False
"City of Amarillo (Precision Task Group, Inc.)",Public Sector,greenhouse,,,False
City of Arlington (Texas),Public Sector,greenhouse,,,False
City of Arvada,Public Sector,greenhouse,,,False
City of Aurora,Public Sector,greenhouse,,,False
City of Baltimore (Mayor and City Council of Baltimore),Public Sector,greenhouse,,,False
"City of Boulder, Colorado",Public Sector,greenhouse,,,False
City of Charleston,Public Sector,greenhouse,,,False
City of Charlotte,Public Sector,greenhouse,,,False
City of Cleveland,Public Sector,greenhouse,,,False
City of Corona,Public Sector,greenhouse,,,False
City of Dallas,Public Sector,greenhouse,,,False
City of Escondido,Public Sector,greenhouse,,,False
City of Galveston,Public Sector,greenhouse,,,False
City of Georgetown,Public Sector,greenhouse,,,False
City of High Point,Public Sector,greenhouse,,,False
City of Irvine,Public Sector,greenhouse,,,False
City of Largo,Public Sector,greenhouse,,,False
City of Leduc,Public Sector,greenhouse,,,False
City of Los Angeles,Public Sector,greenhouse,,,False
City of Milwaukee,Public Sector,greenhouse,,,False
City of New Braunfels,Public Sector,greenhouse,,,False
City of North Las Vegas,Public Sector,greenhouse,,,False
City of Olathe,Public Sector,greenhouse,,,False
City of Olympia,Public Sector,greenhouse,,,False
City of Ontario,Public Sector,greenhouse,,,False
City of Orlando,Public Sector,greenhouse,,,False
City of Palm Bay,Public Sector,greenhouse,,,False
City of Peoria,Public Sector,greenhouse,,,False
City of Petaluma,Public Sector,greenhouse,,,False
City of Philadelphia,Public Sector,greenhouse,,,False
City of Rancho Cucamonga,Public Sector,greenhouse,,,False
City of San Buenaventura,Public Sector,greenhouse,,,False
City of San Leandro,Public Sector,greenhouse,,,False
City of San Mateo,Public Sector,greenhouse,,,False
City of Seattle,Public Sector,greenhouse,,,False
City of Steamboat Springs,Public Sector,greenhouse,,,False
"City of Vancouver, WA",Public Sector,greenhouse,,,False
City of Virginia Beach,Public Sector,greenhouse,,,False
"City of Worcester, Massachusetts",Public Sector,greenhouse,,,False
City Utilities of Springfield,Public Sector,greenhouse,,,False
City Year,Nonprofit,greenhouse,,https://www.cityyear.org/careers/,True
"Cityblock Health, Inc.",Healthcare,greenhouse,,,False
CL Grupo Industrial,Manufacturing,greenhouse,,,False
Clallam County Public Hospital District No. 2 dba Olympic Medical Center,Healthcare,greenhouse,,,False
Claremont University Consortium,Education,greenhouse,,,False
Clarion Events Limited,Professional and Business Services,greenhouse,,,False
Clarivate (Camelot UK Bidco Limited),Professional and Business Services,greenhouse,,https://careers.clarivate.com/,True
Clark Builders,Professional and Business Services,greenhouse,,,False
"Clark Construction Group, LLC",Professional and Business Services,greenhouse,,https://www.clarkconstruction.com/careers,True
Clark County (WA),Public Sector,greenhouse,,,False
Clark Nuber P.S.,Professional and Business Services,greenhouse,,,False
Clasquin SA,Other,greenhouse,,,False
CLEAResult Consulting Inc.,Professional and Business Services,greenhouse,,,False
ClearLink,Professional and Business Services,greenhouse,,,False
"ClearSky Health Acquisition, LLC",Healthcare,greenhouse,,,False
Clearwater Analytics,Technology,greenhouse,,https://www.clearwateranalytics.com/about/careers,True
"Cleary, Gottlieb Steen",Professional and Business Services,greenhouse,,,False
Cleco Corporation,Energy and Resources,greenhouse,,,False
Cleveland Municipal School District,Education,greenhouse,,,False
Click Rain,Professional and Business Services,greenhouse,,,False
Clinigen Group,Life Sciences,greenhouse,,,False
Cloetta (Cloetta Sverige AB),Retail,greenhouse,,https://www.cloetta.com/careers/,True
Cloud Elements,Technology,greenhouse,,,False
"Cloud Imperium Games, LLC",Technology,greenhouse,,,False
Cloudera Inc.,Technology,greenhouse,,,False
Clough Limited,Professional and Business Services,greenhouse,,,False
Club Logistics Services,Retail,greenhouse,,,False
CLUB MED SAS,Hospitality,greenhouse,,https://www.clubmedjobs.com/,True
Cluttons LLP,Professional and Business Services,greenhouse,,,False
Clyde & Co LLP,Professional and Business Services,greenhouse,,,False
CM.com International B.V.,Technology,greenhouse,,,False
CMC Markets UK PLC,Financial Services,greenhouse,,,False
"CNG Holdings, Inc.",Financial Services,greenhouse,,,False
CNP Holdings LLC,Hospitality,greenhouse,,,False
CNX (fka CONSOL Energy),Other,greenhouse,,,False
Coachella Valley Water District,Public Sector,greenhouse,,,False
Coast Hotels Ltd.,Hospitality,greenhouse,,,False
Coca-Cola,Other,greenhouse,,,False
Cochlear,Manufacturing,greenhouse,,,False
Coffee & Bagel Brands,Hospitality,greenhouse,,,False
Cognex Corporation,Manufacturing,greenhouse,,,False
Cognizant,Professional and Business Services,greenhouse,,,False
"Cognosante, LLC",Professional and Business Services,greenhouse,,,False
Colas Inc.,Professional and Business Services,greenhouse,,,False
Colby (Colby College),Education,greenhouse,,,False
"Cole-Parmer Instrument Company, LLC (Antylia Scientific)",Manufacturing,greenhouse,,,False
Coleman Worldwide Moving LLC,Other,greenhouse,,,False
Colfax Corporation,Manufacturing,greenhouse,,,False
Collaborative Solutions,Professional and Business Services,greenhouse,,https://www.collaborativesolutions.com/careers,True
Collection House,Financial Services,greenhouse,,,False
College Board,Nonprofit,greenhouse,,https://careers.collegeboard.org/,True
College Boreal D'Arts Appliques Et De Technologie,Education,greenhouse,,,False
College of the Holy Cross,Education,greenhouse,,,False
College of William & Mary in Virginia,Education,greenhouse,,,False
Collibra,Technology,greenhouse,https://job-boards.greenhouse.io/collibra,https://www.collibra.com/us/company/careers,True
Colliers International (Colliers Macaulay Nicolls Inc.),Financial Services,greenhouse,,,False
Collin College (Collin County Community College District),Education,greenhouse,,,False
Collision Right,Retail,greenhouse,,,False
Colonial Williamsburg Foundation,Hospitality,greenhouse,,,False
Colorado Mountain College,Education,greenhouse,,https://coloradomtn.edu/employment/,True
Colorado School of Mines,Education,greenhouse,,,False
Colorado State University System,Education,greenhouse,,https://jobs.colostate.edu/,True
Columbia Distributing,Hospitality,greenhouse,,https://www.coldist.com/careers/,True
Columbia Sportswear Company,Retail,greenhouse,,,False
ColumbiaBank,Financial Services,greenhouse,,https://www.columbiabank.com/about-us/careers,True
"Columbine Management Services, Inc. dba Columbine Health Systems",Healthcare,greenhouse,,https://columbinehealth.com/careers/,True
Columbus Regional Airport Authority,Public Sector,greenhouse,,,False
Columbus State Community College,Education,greenhouse,,https://www.cscc.edu/about/careers.shtml,True
"Comercializadora Farmacéutica de Chiapas, S.A.P.I. de C.V. (Farmacias del Ahorro)",Retail,greenhouse,,https://www.farmahorro.com/empleos,True
Comerica Bank,Financial Services,greenhouse,,,False
"Comfort Systems USA, Inc.",Professional and Business Services,greenhouse,,https://www.comfortsystemsusa.com/careers/,True
Commerce Bank,Financial Services,greenhouse,,https://www.commercebank.com/careers,True
Commercial Vehicle Group,Manufacturing,greenhouse,,https://www.cvgrp.com/careers,True
Commonwealth Bank,Financial Services,greenhouse,,,False
"Commonwealth Care Alliance, Inc.",Financial Services,greenhouse,,,False
Commonwealth of Kentucky Cabinet for Health and Family Services Department for Public Health,Public Sector,greenhouse,,,False
CommuniCare Health Services,Healthcare,greenhouse,,,False
"Community Brands Holdings, LLC",Technology,greenhouse,,,False
COMMUNITY COLLEGE DISTRICT NO. 514 (Illinois Central College),Education,greenhouse,,,False
Community College District No. 532 d/b/a College of Lake County,Education,greenhouse,,,False
Community College of Erie County,Education,greenhouse,,,False
Community First Bank (HFG Trust.),Financial Services,greenhouse,,,False
Community Health Services of Georgia,Healthcare,greenhouse,,,False
"Community Medical Centers (aka, Fresno Community Hospital and Medical Center)",Healthcare,greenhouse,,,False
Community Services Group,Healthcare,greenhouse,,,False
Compare The Market Limited,Communications,greenhouse,,,False
"Compass (Urban Compass, Inc. d/b/a Compass)",Technology,greenhouse,,https://www.compass.com/careers/,True
"CompuCom Systems, Inc.",Professional and Business Services,greenhouse,,,False
CompuGroup Medical SE & Co. KGaA,Technology,greenhouse,,,False
"Computer Programs and Systems, Inc.",Healthcare,greenhouse,,,False
"comScore, Inc.",Professional and Business Services,greenhouse,,https://www.comscore.com/Careers,True
Concentrix,Professional and Business Services,greenhouse,,,False
Conceria Pasubio S.p.A.,Manufacturing,greenhouse,,,False
Concert HealthAI ManagementCO,Communications,greenhouse,,,False
Condor Ferries,Other,greenhouse,,,False
Connells Limited,Professional and Business Services,greenhouse,,,False
Connexus Credit Union,Financial Services,greenhouse,,https://www.connexuscu.org/careers/,True
"Connor Group Global Services, LLC",Professional and Business Services,greenhouse,,,False
ConocoPhillips Company,Energy and Resources,greenhouse,,,False
Consolidated Container Company LP,Manufacturing,greenhouse,,,False
"Constant Contact, Inc.",Technology,greenhouse,https://job-boards.greenhouse.io/constantcontact,https://www.constantcontact.com/careers,True
Constellation Brands,Other,greenhouse,,https://www.cbrands.com/careers,True
"Consumer Direct Care Network (Montana Health Solutions, Inc. dba Consumer Direct Management Solutions)",Healthcare,greenhouse,,,False
Continental Casualty Company,Financial Services,greenhouse,,,False
"Continental Resources, Inc.",Energy and Resources,greenhouse,,,False
ConvaTec,Life Sciences,greenhouse,,https://www.convatecgroup.com/careers/,True
Convive Brands,Hospitality,greenhouse,,,False
Cook Children's Health Care System,Healthcare,greenhouse,,,False
Cooper-Standard Automotive Inc.,Manufacturing,greenhouse,,,False
"Copart, Inc.",Retail,greenhouse,,,False
Copeland LP,Manufacturing,greenhouse,,,False
Core & Main LP,Other,greenhouse,,,False
Core Laboratories LP,Professional and Business Services,greenhouse,,,False
"Core Specialty (StarStone US Intermediaries, Inc.)",Financial Services,greenhouse,,,False
Corelle Brands LLC,Manufacturing,greenhouse,,,False
CoreTeam Group,Professional and Business Services,greenhouse,,,False
Corewell Health,Healthcare,greenhouse,,https://www.corewellhealth.org/careers,True
Cornell University,Education,greenhouse,,https://hr.cornell.edu/jobs,True
CORO (CO-RO AS),Other,greenhouse,,,False
Corporate Travel Management,Professional and Business Services,greenhouse,,,False
Corporation of the City of Port Colborne,Public Sector,greenhouse,,,False
Corserv Limited,Professional and Business Services,greenhouse,,,False
CORT Business Services,Retail,greenhouse,,,False
Cost Plus World Market,Retail,greenhouse,,,False
"CoStar Realty Information, Inc.",Professional and Business Services,greenhouse,,,False
"Cotton Holdings, Inc",Professional and Business Services,greenhouse,,,False
COUNTRY RETIREMENT & NURSING HOMES LTD (Kingsley Healthcare),Healthcare,greenhouse,,,False
County of Anoka,Public Sector,greenhouse,,,False
County of Bexar,Public Sector,greenhouse,,,False
County of Buncombe,Public Sector,greenhouse,,,False
County of Butte,Public Sector,greenhouse,,,False
County of Chesterfield,Public Sector,greenhouse,,,False
County of Contra Costa,Public Sector,greenhouse,,,False
"County of Delaware, PA",Public Sector,greenhouse,,,False
County of Denton,Public Sector,greenhouse,,,False
County of Doña Ana,Public Sector,greenhouse,,,False
County of Grand Traverse,Public Sector,greenhouse,,,False
County of Greene,Public Sector,greenhouse,,,False
County of Gregg,Public Sector,greenhouse,,,False
County of Hamilton (Indiana),Public Sector,greenhouse,,,False
County of Jackson,Public Sector,greenhouse,,,False
County of Kauai,Public Sector,greenhouse,,,False
County of Kern,Public Sector,greenhouse,,,False
County of Lancaster PA,Public Sector,greenhouse,,,False
County of Macomb,Public Sector,greenhouse,,,False
County of Maui,Public Sector,greenhouse,,,False
County of Missoula,Public Sector,greenhouse,,,False
County of Monroe,Public Sector,greenhouse,,,False
County of Nevada,Public Sector,greenhouse,,,False
County of Nueces,Public Sector,greenhouse,,,False
County of Oakland,Public Sector,greenhouse,,,False
County of Placer,Public Sector,greenhouse,,,False
County of Pueblo,Public Sector,greenhouse,,,False
County of San Joaquin,Public Sector,greenhouse,,,False
County of San Mateo,Public Sector,greenhouse,,,False
County of Santa Barbara,Public Sector,greenhouse,,,False
County of Santa Cruz,Public Sector,greenhouse,,,False
County of Sarasota,Public Sector,greenhouse,,,False
County of Scott,Public Sector,greenhouse,,,False
County of Stearns,Public Sector,greenhouse,,,False
County of Suffolk,Public Sector,greenhouse,,,False
County of Waukesha,Public Sector,greenhouse,,,False
County of Waupaca,Public Sector,greenhouse,,,False
County of Weld,Public Sector,greenhouse,,,False
Covanta Energy,Energy and Resources,greenhouse,,https://www.covanta.com/careers,True
Covea Insurance Services Limited,Financial Services,greenhouse,,,False
Covenant Health Systems Inc.,Healthcare,greenhouse,,,False
Covenant Living Communities and Services,Healthcare,greenhouse,,,False
Coventry Building Society,Financial Services,greenhouse,,,False
Coveo Solutions,Technology,greenhouse,,https://www.coveo.com/en/careers,True
Covestro Deutschland AG,Manufacturing,greenhouse,,https://career.covestro.com/,True
"Covius Shared Services, LLC",Financial Services,greenhouse,,,False
Cowlitz Tribal Gaming Authority dba ilani,Public Sector,greenhouse,,,False
"Cox Corporate Services, Inc.",Media and Entertainment,greenhouse,,,False
CoxHealth,Healthcare,greenhouse,,https://www.coxhealth.com/careers/,True
"Coyote Logistics, LLC",Other,greenhouse,,,False
"Cracker Barrel Old Country Store, Inc.",Hospitality,greenhouse,,https://careers.crackerbarrel.com/,True
Crakmedia,Professional and Business Services,greenhouse,,,False
Crane Company,Manufacturing,greenhouse,,,False
Creatio Inc.,Technology,greenhouse,,https://www.creatio.com/careers,True
Creation Technologies,Manufacturing,greenhouse,,,False
Credit Saison,Professional and Business Services,greenhouse,,,False
Creminelli Fine Meats,Manufacturing,greenhouse,,,False
Crescent Point Energy Corp,Energy and Resources,greenhouse,,https://www.crescentpointenergy.com/careers,True
Crest Nicholson,Professional and Business Services,greenhouse,,,False
Crew Clothing Co Ltd,Retail,greenhouse,,https://www.crewclothing.com/careers,True
Crispin Porter + Bogusky,Professional and Business Services,greenhouse,,,False
Criteo SA,Technology,greenhouse,,https://careers.criteo.com/,True
"Critical Project Services, LLC",Professional and Business Services,greenhouse,,,False
Cromwell Operations Pty Ltd,Financial Services,greenhouse,,,False
Cronos Group Inc.,Other,greenhouse,,,False
Cross Financial Corp.,Financial Services,greenhouse,,,False
CrossCountry Consulting LLC,Professional and Business Services,greenhouse,,,False
"CrossCountry Mortgage, LLC",Financial Services,greenhouse,,,False
"Crossover Health Management Services, Inc.",Healthcare,greenhouse,,https://crossoverhealth.com/careers/,True
CrossVue,Professional and Business Services,greenhouse,,,False
crowe,Professional and Business Services,greenhouse,,,False
Crown Commercial Service,Public Sector,greenhouse,,https://www.gov.uk/government/organisations/crown-commercial-service/about/recruitment,True
Crown Melbourne Limited,Hospitality,greenhouse,,https://www.crownmelbourne.com.au/careers,True
"Crumbl Enterprises, LLC",Retail,greenhouse,,,False
CSAA Insurance Group,Financial Services,greenhouse,,,False
"CSG Systems, Inc.",Technology,greenhouse,,,False
CSL Behring LLC,Life Sciences,greenhouse,,https://www.cslbehring.com/careers,True
"CTBC Bank Co., Ltd",Financial Services,greenhouse,,,False
CTH GROUP HQ PTE. LTD.,Financial Services,greenhouse,,,False
CTI Clinical Trial & Consulting Services,Life Sciences,greenhouse,,https://www.ctifacts.com/careers,True
CTP N.V.,Professional and Business Services,greenhouse,,,False
Cubic Corporation,Manufacturing,greenhouse,,,False
Culp Lumber,Manufacturing,greenhouse,,,False
"Cumberland County Hospital System, Inc.",Healthcare,greenhouse,,,False
"Cumming Management Group, Inc.",Professional and Business Services,greenhouse,,,False
Cumulus Media Holdings Inc.,Media and Entertainment,greenhouse,,,False
CUNA Mutual Insurance Society,Financial Services,greenhouse,,,False
Cundall Johnston and Partners LLP,Professional and Business Services,greenhouse,,,False
"Curemd.com, Inc.",Technology,greenhouse,,,False
"Curinos, Inc.",Media and Entertainment,greenhouse,,,False
Cushman & Wakefield,Financial Services,greenhouse,,,False
Customers Bank,Financial Services,greenhouse,,https://www.customersbank.com/careers,True
"CustomInk, LLC",Manufacturing,greenhouse,,,False
CWS (CWS-boco International GmbH),Professional and Business Services,greenhouse,,,False
Cyan Blue Odds Limited (Oddschecker),Technology,greenhouse,,,False
CyberCX Pty Ltd,Professional and Business Services,greenhouse,,,False
Cycle & Carriage (Cycle & Carriage Industries Pte Ltd),Retail,greenhouse,,,False
"CyrusOne, LLC",Financial Services,greenhouse,,,False
D+H Limited Partnership,Financial Services,greenhouse,,,False
Daimler TSS GmbH,Technology,greenhouse,,,False
Dalata Hotel Group,Hospitality,greenhouse,,,False
Dalcour Maclaren Limited,Professional and Business Services,greenhouse,,,False
Dallas College,Education,greenhouse,,,False
